{"cameraMode":{"drawMode":0,"name":"Shaded","section":"Shading Mode"},"sceneLighting":false,"audioPlay":false,"sceneViewState":{"showFog":true,"showMaterialUpdate":true,"showSkybox":true,"showFlares":true,"showImageEffects":true,"showParticleSystems":true},"in2DMode":false,"pivot":{"x":3.566823959350586,"y":-0.5678520202636719,"z":-1.9064223766326905},"rotation":{"x":0.4599801301956177,"y":0.5220409035682678,"z":-0.4046587646007538,"w":0.5934162735939026},"size":26.235408782958986,"orthographic":false}