{"cameraMode":{"drawMode":0,"name":"Shaded","section":"Shading Mode"},"sceneLighting":false,"audioPlay":false,"sceneViewState":{"showFog":true,"showMaterialUpdate":true,"showSkybox":true,"showFlares":true,"showImageEffects":true,"showParticleSystems":true},"in2DMode":false,"pivot":{"x":-0.09749412536621094,"y":1.0,"z":0.0037517547607421877},"rotation":{"x":0.46257495880126955,"y":0.0013299097772687674,"z":-0.0006938845035620034,"w":0.8865789771080017},"size":291.78143310546877,"orthographic":false}