{"cameraMode":{"drawMode":0,"name":"Shaded","section":"Shading Mode"},"sceneLighting":true,"audioPlay":false,"sceneViewState":{"showFog":true,"showMaterialUpdate":true,"showSkybox":true,"showFlares":true,"showImageEffects":true,"showParticleSystems":true},"in2DMode":false,"pivot":{"x":1.541529655456543,"y":7.8171844482421879,"z":3.0792675018310549},"rotation":{"x":-0.24862323701381684,"y":0.7508695721626282,"z":-0.4164638817310333,"w":-0.44826245307922366},"size":50.01997375488281,"orthographic":true}